individual_id,age,income,country
4701,59,110229.61,CA
4702,67,101534.13,US
4703,58,30326.63,US
4704,43,86905.57,CA
4705,69,41053.64,CA
4706,27,48774.62,UK
4707,49,86575.5,US
4708,59,112000.84,US
4709,45,65066.37,US
4710,66,119130.08,UK
4711,44,90739.1,US
4712,59,79679.49,UK
4713,38,35951.92,UK
4714,33,61331.1,US
4715,34,89152.42,UK
4716,52,38249.95,CA
4717,47,118741.98,US
4718,21,39027.21,CA
4719,38,84195.69,UK
4720,40,61402.8,UK
4721,25,34302.85,US
4722,27,102536.34,UK
4723,21,106179.39,US
4724,51,78841.03,US
4725,59,69667.14,US
4726,30,47371.34,UK
4727,38,85200.17,UK
4728,70,105518.33,US
4729,27,36712.85,CA
4730,65,95047.66,UK
4731,24,112628.3,CA
4732,26,69808.53,US
4733,22,54997.99,UK
4734,30,43450.52,CA
4735,27,79505.78,UK
4736,35,75701.21,UK
4737,20,83679.2,US
4738,60,80730.7,US
4739,22,92955.09,US
4740,36,31325.45,CA
4741,55,33853.02,UK
4742,65,83349.77,US
4743,56,64079.62,UK
4744,63,50737.96,US
4745,20,59128.7,UK
4746,58,32051.3,CA
4747,34,98287.26,US
4748,48,108538.14,US
4749,48,45467.68,US
4750,57,74399.7,UK
4751,49,90950.96,US
4752,53,59658.53,UK
4753,40,86505.89,US
4754,43,72932.29,UK
4755,30,51895.47,UK
4756,56,65264.36,US
4757,30,51721.16,UK
4758,24,73466.1,CA
4759,36,67477.89,UK
4760,61,32731.32,UK
4761,56,45414.58,US
4762,36,113403.56,UK
4763,41,34403.12,US
4764,44,111487.04,US
4765,35,94667.39,US
4766,20,63930.43,UK
4767,45,46242.93,UK
4768,66,116274.93,US
4769,37,86760.75,UK
4770,28,77135.82,US
4771,29,54624.07,UK
4772,64,104883.5,CA
4773,36,75461.36,CA
4774,41,56646.16,UK
4775,51,50334.44,UK
4776,54,50916.57,CA
4777,51,97969.85,UK
4778,23,112609.29,UK
4779,63,74729.07,US
4780,57,95451.58,UK
4781,43,45950.45,UK
4782,44,46522.37,CA
4783,64,78279.16,CA
4784,47,57061.64,US
4785,65,74265.86,UK
4786,34,79939.14,UK
4787,24,117972.35,US
4788,43,89645.27,US
4789,43,111466.65,UK
4790,61,71831.76,CA
4791,50,41630.01,UK
4792,23,99401.51,CA
4793,27,108856.18,UK
4794,27,52250.38,US
4795,20,37832.88,UK
4796,51,106926.91,CA
4797,55,68421.15,CA
4798,39,102276.53,US
4799,42,108215.91,US
4800,40,118999.22,CA
4801,23,66262.43,UK
4802,59,40736.16,UK
4803,36,94656.2,US
4804,56,105401.86,UK
4805,28,109853.84,US
4806,27,96656.4,CA
4807,69,76523.79,CA
4808,28,98144.0,UK
4809,67,61189.51,US
4810,43,90591.99,CA
4811,56,43173.03,US
4812,25,47563.94,CA
4813,40,119200.42,UK
4814,23,113626.22,UK
4815,34,78888.9,US
4816,23,48040.58,US
4817,26,112042.03,US
4818,55,87285.63,UK
4819,47,105095.47,UK
4820,23,99977.72,UK
4821,58,39913.9,US
4822,31,34537.45,US
4823,62,88651.29,UK
4824,34,67360.64,US
4825,60,35246.37,US
4826,63,57156.63,CA
4827,58,99949.29,UK
4828,48,99528.6,UK
4829,62,112776.71,US
4830,58,81117.64,UK
4831,49,76531.49,UK
4832,22,66796.99,UK
4833,33,43126.56,US
4834,69,46338.33,CA
4835,31,91713.83,CA
4836,31,32516.08,UK
4837,54,54839.34,UK
4838,23,57495.8,US
4839,52,94694.95,UK
4840,21,40477.28,CA
4841,39,40955.53,CA
4842,58,106598.5,UK
4843,30,37061.68,UK
4844,50,94530.18,UK
4845,34,54613.74,US
4846,23,33017.39,US
4847,20,90115.8,US
4848,22,38279.84,US
4849,25,60294.57,US
4850,60,116981.86,UK
4851,20,81564.82,CA
4852,41,80032.43,CA
4853,30,57107.42,US
4854,42,98594.19,UK
4855,51,33641.3,US
4856,34,119923.8,UK
4857,55,105000.08,UK
4858,69,95186.62,US
4859,39,49025.29,US
4860,61,48727.53,US
4861,68,91478.32,UK
4862,22,93107.46,UK
4863,23,52716.37,UK
4864,47,41261.0,UK
4865,38,108103.72,UK
4866,67,33320.51,US
4867,48,32957.22,US
4868,58,47402.22,UK
4869,40,107588.41,US
4870,38,32955.21,US
4871,63,35496.67,UK
4872,56,51456.4,UK
4873,31,104644.4,CA
4874,57,108802.64,UK
4875,36,84644.23,CA
4876,61,103567.29,US
4877,41,109013.84,UK
4878,56,76525.6,UK
4879,36,106512.36,UK
4880,34,93334.69,CA
4881,21,81175.11,US
4882,55,97497.9,US
4883,28,95173.8,US
4884,65,112026.8,UK
4885,31,105088.18,UK
4886,31,74084.32,UK
4887,42,95399.99,UK
4888,44,37132.58,CA
4889,47,60359.46,CA
4890,33,66347.89,US
4891,63,112636.01,CA
4892,44,109867.46,UK
4893,36,92852.29,UK
4894,46,80229.25,US
4895,40,95474.02,UK
4896,44,30522.75,CA
4897,67,48680.5,CA
4898,25,93212.18,UK
4899,21,104253.04,UK
4900,24,75614.37,UK
4901,58,67239.72,US
4902,25,84607.56,US
4903,31,40174.82,US
4904,43,41375.4,CA
4905,34,111145.39,US
4906,53,84093.55,UK
4907,35,43845.6,UK
4908,38,88037.07,US
4909,64,74948.74,UK
4910,31,31165.92,US
4911,51,85579.75,UK
4912,46,87210.98,UK
4913,61,88406.36,UK
4914,27,111952.25,UK
4915,57,40626.35,UK
4916,24,64743.47,US
4917,62,118163.69,UK
4918,30,94808.46,US
4919,68,61604.09,UK
4920,33,58461.0,US
4921,27,52869.71,UK
4922,70,46730.02,UK
4923,48,97153.93,US
4924,50,61981.6,UK
4925,37,37327.49,CA
4926,29,103235.4,UK
4927,67,32968.39,UK
4928,63,107993.99,US
4929,52,96480.9,UK
4930,29,67053.26,CA
4931,35,65810.98,US
4932,24,98746.84,US
4933,52,94264.16,UK
4934,22,41783.05,UK
4935,35,111238.23,US
4936,30,36430.1,UK
4937,48,63349.47,UK
4938,55,67919.6,UK
4939,22,88625.54,UK
4940,52,57268.69,US
4941,43,118090.77,UK
4942,36,33081.03,UK
4943,42,95493.61,UK
4944,23,41525.13,US
4945,60,55726.74,UK
4946,21,112606.83,UK
4947,47,86453.3,US
4948,50,71000.12,CA
4949,32,80057.87,US
4950,22,86848.69,US
4951,40,59211.43,US
4952,55,62600.09,US
4953,34,52723.06,UK
4954,33,62872.4,UK
4955,50,100156.73,US
4956,26,57438.17,US
4957,41,105853.35,UK
4958,36,70818.73,UK
4959,38,47032.0,US
4960,49,71140.3,US
4961,54,79563.74,CA
4962,56,117256.99,UK
4963,39,78672.42,CA
4964,40,100218.3,US
4965,32,58951.24,UK
4966,32,100846.66,US
4967,40,47422.31,UK
4968,39,35816.46,CA
4969,52,116457.37,UK
4970,55,117204.01,UK
4971,68,52991.58,US
4972,41,107085.34,CA
4973,36,41580.37,US
4974,53,82922.94,CA
4975,29,82626.16,CA
4976,23,46081.54,UK
4977,60,63023.98,US
4978,30,84902.48,UK
4979,66,61831.92,CA
4980,62,61391.84,CA
4981,27,93233.03,US
4982,24,72202.39,UK
4983,21,83544.46,US
4984,29,98288.72,UK
4985,24,92905.19,CA
4986,44,92248.18,UK
4987,70,98995.69,US
4988,30,80828.79,UK
4989,57,80669.13,UK
4990,48,101403.0,UK
4991,31,98216.39,US
4992,23,37353.26,UK
4993,61,57404.82,US
4994,61,48610.25,CA
4995,46,36872.62,UK
4996,26,62243.29,UK
4997,58,65453.5,US
4998,52,100886.75,CA
4999,49,61133.81,UK
5000,49,35137.62,UK
5001,43,85092.9,UK
5002,58,48154.6,US
5003,60,86871.2,CA
5004,59,37905.41,UK
5005,25,39728.55,CA
5006,61,67968.59,CA
5007,62,115075.06,UK
5008,36,59191.17,CA
5009,23,91276.91,US
5010,50,42806.31,US
5011,23,67694.34,US
5012,62,76254.33,UK
5013,34,41488.23,UK
5014,56,88872.38,UK
5015,46,59318.28,US
5016,29,107702.02,UK
5017,37,49276.13,UK
5018,35,119770.08,UK
5019,22,87136.62,UK
5020,68,97082.04,UK
5021,22,100197.97,US
5022,46,72843.19,US
5023,64,82706.16,US
5024,22,67759.81,US
5025,24,61426.67,UK
5026,30,31068.82,US
5027,70,53940.46,US
5028,21,51486.71,CA
5029,68,109576.03,US
5030,50,113302.85,UK
5031,48,61535.67,UK
5032,66,47602.76,CA
5033,61,50234.87,CA
5034,38,43103.47,CA
5035,39,74108.56,US
5036,41,110674.26,US
5037,32,60521.57,CA
5038,21,70187.35,CA
5039,51,49510.38,CA
5040,34,42715.87,US
5041,63,82778.81,CA
5042,61,89332.62,UK
5043,47,31443.86,UK
5044,46,43466.67,US
5045,70,40056.38,CA
5046,24,114760.4,US
5047,22,31042.72,US
5048,52,107413.42,UK
5049,58,79495.22,UK
5050,67,87176.7,CA
5051,46,57530.81,US
5052,28,43103.08,UK
5053,25,77571.71,UK
5054,60,113169.87,US
5055,44,105289.38,US
5056,22,104227.24,UK
5057,62,105769.75,UK
5058,21,30049.43,UK
5059,57,105437.61,UK
5060,50,82585.53,US
5061,48,83588.65,UK
5062,20,114424.96,UK
5063,61,62178.36,US
5064,66,51690.19,US
5065,40,113811.42,CA
5066,61,76066.46,UK
5067,63,75307.44,UK
5068,32,118964.0,UK
5069,60,77207.08,UK
5070,38,103671.95,US
5071,30,98633.08,UK
5072,37,77149.58,UK
5073,36,42485.65,US
5074,69,49668.85,US
5075,65,96183.41,US
5076,63,32225.17,CA
5077,69,49939.21,CA
5078,54,56310.78,US
5079,66,48079.1,UK
5080,30,34622.51,CA
5081,66,41579.3,US
5082,60,49322.58,UK
5083,55,50348.84,US
5084,25,88849.15,CA
5085,23,88165.4,CA
5086,27,91617.53,US
5087,40,57481.69,US
5088,64,36210.11,US
5089,37,90157.21,US
5090,21,84191.48,CA
5091,53,85926.15,CA
5092,56,68557.89,UK
5093,36,68501.14,UK
5094,69,103571.98,UK
5095,50,64395.42,CA
5096,37,51202.35,US
5097,50,111054.42,US
5098,68,52667.21,UK
5099,70,85457.52,UK
5100,40,41822.09,UK
5101,27,67075.43,US
5102,47,39552.61,UK
5103,20,84108.68,UK
5104,42,42851.36,US
5105,56,49486.6,UK
5106,54,35898.5,US
5107,33,61629.33,CA
5108,44,102223.45,US
5109,53,33380.72,CA
5110,33,54922.41,CA
5111,51,115987.9,US
5112,58,79352.77,US
5113,59,63107.07,CA
5114,20,108784.9,US
5115,31,45741.23,CA
5116,44,47061.08,US
5117,39,107183.95,UK
5118,51,57724.3,US
5119,51,66423.34,US
5120,20,83171.11,US
5121,24,39566.19,UK
5122,61,114791.81,US
5123,66,34199.44,CA
5124,27,75761.34,US
5125,40,64535.16,UK
5126,41,98251.54,CA
5127,49,70033.94,US
5128,62,86939.46,US
5129,64,76973.48,CA
5130,70,54143.15,US
5131,60,89909.18,US
5132,28,42219.61,UK
5133,49,76673.06,UK
5134,69,95276.61,UK
5135,24,116073.47,US
5136,23,86283.23,US
5137,49,118120.56,CA
5138,28,38699.13,CA
5139,35,53264.21,US
5140,41,84184.9,UK
5141,64,109504.04,UK
5142,68,68662.03,CA
5143,62,98433.07,US
5144,26,103703.66,UK
5145,37,56178.94,US
5146,60,111189.61,UK
5147,70,48874.95,US
5148,59,38886.4,UK
5149,51,49025.73,CA
5150,21,65543.38,UK
5151,30,77086.49,UK
5152,49,113206.47,US
5153,55,105957.74,US
5154,45,81172.96,US
5155,59,109177.94,UK
5156,62,101873.58,UK
5157,23,83392.23,US
5158,69,95127.05,US
5159,48,94871.45,US
5160,48,68509.12,US
5161,46,90539.01,UK
5162,57,50145.73,US
5163,65,64054.65,US
5164,66,57855.26,CA
5165,57,117667.85,UK
5166,41,106813.81,CA
5167,57,94037.85,UK
5168,21,61075.72,US
5169,61,107221.1,US
5170,58,30829.25,CA
5171,39,47135.59,CA
5172,58,46435.98,US
5173,67,46827.23,CA
5174,25,57643.19,US
5175,57,82055.32,US
5176,40,34814.04,US
5177,33,47571.81,US
5178,45,39521.57,US
5179,46,56837.96,UK
5180,32,34405.33,CA
5181,51,70358.08,UK
5182,40,87498.19,UK
5183,50,87621.2,CA
5184,21,75846.54,US
5185,55,32923.61,US
5186,59,107226.04,US
5187,30,107749.1,US
5188,47,104336.14,US
5189,64,46812.84,UK
5190,50,37382.55,UK
5191,44,54018.97,US
5192,69,111226.32,UK
5193,29,42242.73,CA
5194,45,98479.17,CA
5195,43,110307.7,UK
5196,29,71220.3,UK
5197,49,57219.69,UK
5198,36,106018.55,US
5199,35,56936.12,CA
5200,57,94067.5,US
5201,23,46882.39,CA
5202,30,53168.78,US
5203,69,114990.42,US
5204,54,96196.65,CA
5205,31,102047.87,US
5206,21,62261.69,US
5207,21,53074.5,US
5208,24,81061.3,UK
5209,32,32723.33,US
5210,65,47593.81,US
5211,35,30162.13,UK
5212,70,112897.56,US
5213,65,110002.32,CA
5214,69,106370.75,CA
5215,57,56344.83,UK
5216,25,44366.8,UK
5217,21,35589.12,UK
5218,66,94454.89,UK
5219,34,111606.59,US
5220,43,104906.54,US
5221,47,49252.0,US
5222,51,111222.81,US
5223,58,86047.73,UK
5224,66,59175.66,UK
5225,59,85849.63,US
5226,33,62141.47,UK
5227,66,49801.15,UK
5228,64,44471.55,UK
5229,65,66515.3,UK
5230,64,74634.63,UK
5231,22,82229.82,CA
5232,57,75680.59,US
5233,40,75546.89,US
5234,64,52127.16,UK
5235,38,68696.86,US
5236,32,61717.34,CA
5237,57,39699.29,US
5238,65,39144.02,US
5239,30,56921.0,CA
5240,30,44510.18,US
5241,28,87751.89,UK
5242,59,56579.36,CA
5243,62,79224.83,UK
5244,56,86066.07,CA
5245,68,30335.85,US
5246,46,92487.46,CA
5247,64,62994.44,UK
5248,63,36717.41,US
5249,68,71719.21,CA
5250,48,40230.87,US
5251,59,108619.23,UK
5252,65,78700.73,UK
5253,67,39997.99,CA
5254,52,51815.43,US
5255,58,55041.5,CA
5256,31,115811.78,US
5257,31,113375.25,UK
5258,53,94295.33,US
5259,56,46940.76,US
5260,35,89858.43,UK
5261,50,57154.82,US
5262,56,35432.03,UK
5263,61,56382.37,US
5264,32,53736.62,US
5265,49,31707.28,UK
5266,51,61742.65,CA
5267,40,109070.93,UK
5268,36,59556.04,US
5269,62,51877.1,US
5270,38,43115.19,UK
5271,47,73539.05,US
5272,54,38670.39,US
5273,53,33170.64,UK
5274,34,88457.12,CA
5275,67,92851.99,US
5276,29,93053.2,CA
5277,44,32371.55,US
5278,51,112002.23,UK
5279,48,118945.87,UK
5280,41,82867.7,US
5281,55,72261.46,US
5282,41,50950.3,CA
5283,48,52021.83,US
5284,48,110744.77,CA
5285,45,63041.51,US
5286,45,87015.87,US
5287,62,107838.89,US
5288,52,38152.63,US
5289,68,54558.75,CA
5290,48,80487.74,US
5291,62,101093.43,CA
5292,46,32453.86,US
5293,26,68039.46,US
5294,31,58216.66,UK
5295,21,78460.36,CA
5296,61,94775.34,US
5297,48,100087.44,US
5298,66,74008.14,UK
5299,50,67293.34,US
5300,54,91018.53,US
5301,65,59292.97,UK
5302,28,107522.29,CA
5303,40,96786.24,UK
5304,37,70206.35,UK
5305,68,35831.65,US
5306,30,110154.4,UK
5307,45,55787.15,CA
5308,56,46847.07,US
5309,53,94430.75,UK
5310,65,59482.57,UK
5311,28,99607.56,US
5312,27,34815.89,US
5313,61,76215.35,US
5314,22,41291.7,UK
5315,67,95874.78,UK
5316,41,45543.74,US
5317,38,50128.77,US
5318,66,94593.92,UK
5319,49,93616.96,UK
5320,25,116706.18,UK
5321,44,57498.68,UK
5322,42,109207.26,UK
5323,44,36365.01,UK
5324,28,35664.08,CA
5325,60,77584.29,UK
5326,31,60334.62,US
5327,60,51727.32,CA
5328,42,54316.27,CA
5329,46,78365.42,UK
5330,57,97819.82,US
5331,57,57655.85,CA
5332,53,41129.61,CA
5333,32,69035.81,UK
5334,53,99383.19,UK
5335,65,59874.36,UK
5336,30,37433.28,UK
5337,21,92201.81,UK
5338,39,64365.6,US
5339,62,78313.55,UK
5340,43,73103.67,US
5341,27,68022.82,UK
5342,64,88526.04,UK
5343,45,85848.87,US
5344,35,88130.02,CA
5345,21,52770.45,US
5346,55,78265.0,US
5347,24,106644.3,UK
5348,24,67542.48,UK
5349,61,48139.66,US
5350,27,109019.48,UK
5351,22,108650.22,CA
5352,21,110181.37,UK
5353,38,100805.66,CA
5354,37,57853.86,US
5355,56,80428.22,UK
5356,48,78430.12,CA
5357,22,76140.05,US
5358,42,82149.49,UK
5359,57,39617.7,US
5360,47,90680.54,UK
5361,48,72592.48,CA
5362,54,91604.17,UK
5363,60,73561.62,US
5364,31,33008.48,UK
5365,49,70301.76,US
5366,37,32185.9,US
5367,24,112431.59,CA
5368,66,72842.23,UK
5369,50,70665.41,UK
5370,53,92636.69,UK
5371,43,79197.01,UK
5372,37,30947.46,US
5373,60,119275.02,UK
5374,23,81863.99,UK
5375,42,30480.82,UK
5376,46,93125.63,US
5377,27,37569.13,UK
5378,42,87431.32,US
5379,43,111488.88,US
5380,34,91742.25,US
5381,67,103994.36,CA
5382,63,111126.7,CA
5383,61,112650.5,UK
5384,31,85446.49,US
5385,30,119242.85,UK
5386,30,97423.29,UK
5387,45,108900.1,UK
5388,44,82855.76,UK
5389,51,77593.21,US
5390,48,94003.05,UK
5391,63,68504.13,UK
5392,54,83582.69,US
5393,34,48469.38,CA
5394,39,98342.34,US
5395,29,53974.84,UK
5396,43,110400.37,US
5397,62,102870.47,US
5398,36,56937.46,US
5399,26,42708.08,CA
5400,33,101274.52,UK
5401,63,109077.31,US
5402,47,40193.37,CA
5403,59,37161.89,US
5404,25,98958.66,UK
5405,67,82015.85,UK
5406,33,78327.99,UK
5407,54,74660.98,US
5408,55,69583.08,UK
5409,52,98395.44,CA
5410,40,62804.83,CA
5411,34,98583.47,US
5412,60,82155.54,US
5413,39,117256.81,UK
5414,28,83058.55,UK
5415,67,34278.37,US
5416,40,35794.47,UK
5417,30,92889.05,US
5418,31,109316.59,US
5419,37,111809.22,CA
5420,22,75975.86,CA
5421,38,34476.89,CA
5422,51,36950.14,US
5423,49,46419.6,CA
5424,35,63927.92,US
5425,27,49479.85,UK
5426,24,58416.2,UK
5427,34,35014.99,UK
5428,33,83842.56,UK
5429,60,38800.82,UK
5430,45,83548.19,CA
5431,41,77193.93,US
5432,39,105144.12,CA
5433,51,89501.14,CA
5434,68,53138.33,UK
5435,42,106192.62,US
5436,64,49298.01,UK
5437,20,46277.67,US
5438,25,109129.87,CA
5439,50,101182.29,CA
5440,36,49314.8,US
5441,57,94496.17,US
5442,21,65843.29,UK
5443,34,73843.15,US
5444,37,78080.59,UK
5445,30,116168.91,UK
5446,59,103929.24,US
5447,20,115652.65,US
5448,36,92633.77,UK
5449,36,108040.47,UK
5450,48,114748.88,CA
5451,35,108021.44,CA
5452,30,109134.01,UK
5453,23,31923.72,UK
5454,68,111648.53,US
5455,65,75542.57,US
5456,26,76811.19,CA
5457,51,66280.26,UK
5458,42,74372.48,CA
5459,69,76768.14,CA
5460,30,61154.89,US
5461,54,33074.73,UK
5462,21,36502.76,CA
5463,41,78291.29,UK
5464,65,32418.55,US
5465,58,31037.75,CA
5466,69,88632.26,US
5467,68,52059.84,US
5468,49,34172.13,US
5469,52,113040.74,UK
5470,21,72256.49,CA
5471,44,52512.36,UK
5472,42,35012.78,US
5473,42,78816.71,UK
5474,68,92333.28,US
5475,35,104384.97,UK
5476,64,101259.99,UK
5477,57,77932.21,US
5478,65,78704.72,UK
5479,46,46769.05,US
5480,49,74903.88,UK
5481,70,85924.42,US
5482,46,84869.41,CA
5483,55,78635.91,US
5484,54,77882.56,US
5485,69,75262.27,US
5486,58,100474.49,UK
5487,65,112000.33,US
5488,50,44541.19,CA
5489,51,75897.44,US
5490,53,45296.89,US
5491,32,64402.7,UK
5492,70,35963.4,UK
5493,54,91001.37,US
5494,61,117918.86,UK
5495,49,68925.62,UK
5496,41,49089.02,CA
5497,66,57740.47,UK
5498,24,46474.11,US
5499,67,40608.37,US
5500,44,43599.74,UK
5501,70,99434.78,UK
5502,70,97099.39,UK
5503,65,52632.06,US
5504,40,115059.9,UK
5505,69,63644.97,US
5506,28,45537.5,UK
5507,59,53711.13,US
5508,50,106106.47,US
5509,30,74621.36,CA
5510,27,110597.58,US
5511,62,93816.74,UK
5512,26,99498.69,UK
5513,32,55166.08,UK
5514,33,73528.21,US
5515,29,66450.15,US
5516,58,65553.91,US
5517,30,55955.62,US
5518,36,61555.4,CA
5519,22,72495.36,CA
5520,42,50497.16,US
5521,38,53846.92,CA
5522,41,113846.4,UK
5523,40,104591.19,US
5524,62,89939.17,UK
5525,31,34234.42,US
5526,55,48950.28,US
5527,49,82807.61,UK
5528,66,111950.52,UK
5529,26,112231.87,CA
5530,64,51628.62,CA
5531,40,37866.3,UK
5532,68,37919.9,CA
5533,34,84456.09,US
5534,34,44752.7,US
5535,64,71580.56,UK
5536,46,48175.11,UK
5537,52,82303.97,UK
5538,55,81218.71,UK
5539,24,117516.94,UK
5540,61,110658.34,UK
5541,26,116898.64,US
5542,33,47607.5,US
5543,54,43376.79,US
5544,66,60001.61,CA
5545,29,79656.28,US
5546,52,62647.36,US
5547,36,53616.12,CA
5548,60,115004.2,US
5549,57,75969.38,US
5550,56,86000.56,US
5551,50,96728.63,US
5552,65,43114.28,CA
5553,66,70858.15,CA
5554,45,68308.58,UK
5555,51,53613.32,US
5556,67,47217.4,UK
5557,33,46304.55,CA
5558,45,117609.81,UK
5559,27,52417.38,UK
5560,57,117369.77,UK
5561,38,80953.98,UK
5562,23,52095.46,UK
5563,70,38600.25,CA
5564,68,54513.8,US
5565,32,107551.29,UK
5566,55,47582.38,CA
5567,24,94819.42,UK
5568,50,83792.29,US
5569,43,82702.52,US
5570,39,118247.64,US
5571,30,49131.01,US
5572,48,49811.74,UK
5573,51,43682.14,US
5574,49,112312.22,US
5575,38,114544.42,UK
5576,25,100356.54,US
5577,61,52014.44,UK
5578,63,39523.54,CA
5579,44,73611.01,UK
5580,27,53671.83,US
5581,54,43439.44,UK
5582,20,61645.91,CA
5583,30,56532.67,CA
5584,24,33698.35,US
5585,22,45813.62,US
5586,32,103494.54,CA
5587,49,38991.39,CA
5588,24,115628.69,UK
5589,43,46463.08,CA
5590,29,86798.42,US
5591,61,110400.46,US
5592,24,77399.0,CA
5593,40,86746.13,UK
5594,64,52991.11,CA
5595,33,85054.32,CA
5596,21,115948.06,UK
5597,46,70180.16,UK
5598,27,89744.67,UK
5599,24,86963.2,UK
5600,49,56403.45,UK
5601,22,35637.98,US
5602,46,101945.59,US
5603,23,79388.79,US
5604,24,117778.95,US
5605,20,88113.93,US
5606,42,112957.43,US
5607,29,34564.35,UK
5608,28,68269.41,US
5609,70,102036.77,US
5610,48,70623.98,CA
5611,43,106634.67,US
5612,62,70846.23,UK
5613,67,93980.79,UK
5614,23,37341.7,CA
5615,21,38621.61,CA
5616,62,111136.65,UK
5617,48,96582.52,US
5618,57,118462.85,UK
5619,54,95830.88,CA
5620,35,78532.85,UK
5621,39,54390.87,UK
5622,31,38070.87,UK
5623,59,101288.23,US
5624,59,46906.28,US
5625,25,53897.86,UK
5626,20,90487.08,CA
5627,49,107767.94,CA
5628,43,94887.38,UK
5629,47,117278.24,CA
5630,34,78691.24,UK
5631,24,65131.21,US
5632,46,93820.0,US
5633,53,114418.31,US
5634,38,109762.56,UK
5635,47,102169.51,UK
5636,44,95974.7,UK
5637,38,66363.86,CA
5638,39,61555.8,UK
5639,42,30599.26,US
5640,26,96278.97,CA
5641,40,92044.09,US
5642,54,66099.1,US
5643,56,110737.73,UK
5644,54,111493.27,CA
5645,65,51737.69,US
5646,38,119244.18,UK
5647,28,32409.59,US
5648,28,90942.66,UK
5649,45,64595.24,UK
5650,37,32881.63,US
5651,26,101159.1,US
5652,27,98723.88,UK
5653,30,99918.35,US
5654,60,91142.4,US
5655,35,33582.85,UK
5656,60,47622.6,UK
5657,43,65620.55,UK
5658,29,36390.02,UK
5659,68,56234.91,US
5660,69,99966.97,UK
5661,66,74948.46,UK
5662,30,61512.49,US
5663,27,78082.37,US
5664,35,83421.33,US
5665,53,30838.06,CA
5666,23,74769.27,CA
5667,43,69014.67,US
5668,31,82277.79,CA
5669,54,49524.4,CA
5670,62,82516.91,CA
5671,58,47972.86,CA
5672,21,71777.82,CA
5673,24,118433.47,UK
5674,31,42410.69,US
5675,32,67455.47,UK
5676,33,54130.95,US
5677,22,34993.25,CA
5678,52,78094.34,CA
5679,49,102219.44,US
5680,59,95352.65,CA
5681,58,91158.19,US
5682,57,56214.82,US
5683,29,54279.56,CA
5684,62,75250.35,UK
5685,67,79232.41,UK
5686,40,107024.05,UK
5687,20,67617.55,US
5688,29,105924.01,CA
5689,40,40021.98,US
5690,49,46830.99,US
5691,47,109527.15,US
5692,23,88439.16,US
5693,29,54537.66,US
5694,34,65652.35,CA
5695,41,36700.44,US
5696,58,98274.71,US
5697,23,96764.73,US
5698,47,53461.16,CA
5699,57,99463.57,US
5700,54,102307.13,UK
5701,50,63882.85,UK
5702,39,30799.93,US
5703,23,76717.82,UK
5704,27,73864.97,US
5705,34,64634.87,UK
5706,50,90468.77,US
5707,37,79625.69,US
5708,37,67450.85,US
5709,24,57572.83,US
5710,45,104010.3,UK
5711,52,78371.24,US
5712,21,55702.56,CA
5713,21,64773.86,UK
5714,68,62685.22,US
5715,52,94581.16,US
5716,31,106964.48,US
5717,59,74696.66,UK
5718,24,42176.12,UK
5719,37,118985.63,CA
5720,58,117351.37,CA
5721,33,79465.59,UK
5722,60,109944.49,CA
5723,50,90482.14,US
5724,45,63307.62,UK
5725,60,32985.17,UK
5726,55,42078.73,UK
5727,30,105579.97,UK
5728,29,96850.28,US
5729,26,42135.29,UK
5730,44,109562.26,US
5731,58,102256.13,CA
5732,32,85750.28,CA
5733,32,70391.5,UK
5734,44,36297.81,US
5735,27,98396.26,US
5736,55,76134.71,US
5737,68,110462.19,UK
5738,53,103469.67,US
5739,66,116866.0,CA
5740,49,48182.79,US
5741,54,111130.15,CA
5742,50,81196.28,UK
5743,25,77299.54,CA
5744,36,48283.24,UK
5745,45,84303.88,US
5746,31,70246.17,UK
5747,41,90696.26,US
5748,64,38949.63,UK
5749,63,78421.38,US
5750,61,65104.94,US
5751,63,55377.3,US
5752,35,45833.36,CA
5753,58,43800.92,UK
5754,33,75412.32,US
5755,35,90473.72,US
5756,37,104817.24,UK
5757,60,81650.02,US
5758,63,89814.14,CA
5759,67,30167.35,UK
5760,41,53917.69,UK
5761,20,88496.72,UK
5762,33,33367.31,US
5763,27,94411.96,CA
5764,51,43259.4,US
5765,31,78634.66,US
5766,56,105093.47,US
5767,58,105065.18,US
5768,70,105515.92,US
5769,47,90368.19,CA
5770,41,75640.73,US
5771,51,34723.75,UK
5772,36,61599.41,US
5773,66,32902.03,UK
5774,69,52047.46,CA
5775,51,63021.6,US
5776,30,30013.92,UK
5777,42,118688.65,UK
5778,40,73976.22,US
5779,62,94304.42,US
5780,45,79013.85,CA
5781,46,65927.32,UK
5782,23,84503.85,UK
5783,66,67688.62,US
5784,29,92979.79,US
5785,57,114894.29,UK
5786,29,52144.89,US
5787,41,90786.77,UK
5788,25,36931.03,UK
5789,26,102490.22,US
5790,29,95259.16,US
5791,47,57125.96,US
5792,28,41606.12,US
5793,34,67202.29,US
5794,20,71850.42,UK
5795,30,46693.25,UK
5796,24,84672.17,US
5797,24,49453.38,US
5798,58,58789.62,UK
5799,63,43378.09,US
5800,70,74975.31,US
5801,60,73027.71,US
5802,64,96360.68,UK
5803,68,103202.89,US
5804,22,68553.59,UK
5805,67,84760.82,UK
5806,69,119816.59,US
5807,43,73212.42,UK
5808,62,105144.46,UK
5809,38,46953.78,UK
5810,38,34727.32,UK
5811,45,59969.27,UK
5812,58,62520.16,UK
5813,60,32251.68,US
5814,61,85006.45,CA
5815,28,89147.22,US
5816,31,114122.06,UK
5817,24,36072.53,US
5818,25,71591.13,UK
5819,62,86912.31,UK
5820,23,71180.64,US
5821,59,32735.71,UK
5822,31,52043.92,CA
5823,63,107512.41,UK
5824,50,104344.8,US
5825,63,83900.36,UK
5826,30,108100.2,US
5827,43,100036.4,US
5828,54,103626.85,US
5829,70,92709.11,US
5830,57,97235.32,UK
5831,63,85552.42,UK
5832,57,34655.31,UK
5833,39,36531.71,CA
5834,47,101497.39,US
5835,42,80379.23,UK
5836,33,115703.99,US
5837,35,50518.99,UK
5838,41,65041.15,UK
5839,68,94671.07,UK
5840,39,89203.95,US
5841,59,112856.16,CA
5842,46,61847.05,US
5843,44,83856.24,US
5844,22,85357.02,CA
5845,61,99802.01,CA
5846,36,89507.74,UK
5847,41,115282.75,US
5848,23,111853.33,UK
5849,57,64309.19,UK
5850,41,99052.49,US
5851,41,116412.01,US
5852,25,56803.64,US
5853,49,119644.49,US
5854,37,90595.82,UK
5855,42,73062.31,UK
5856,59,86590.25,US
5857,65,102606.33,UK
5858,20,77920.27,UK
5859,24,87540.79,CA
5860,55,67135.54,CA
5861,58,107157.78,CA
5862,50,116775.12,US
5863,55,102799.85,UK
5864,48,46719.4,UK
5865,40,89328.54,CA
5866,21,89008.6,CA
5867,68,46102.62,CA
5868,26,104422.42,CA
5869,45,93012.81,CA
5870,27,103016.86,UK
5871,51,68188.39,CA
5872,47,45479.03,US
5873,23,85368.49,UK
5874,27,82770.53,CA
5875,57,109473.58,UK
5876,36,84918.29,US
5877,45,88914.57,UK
5878,35,118551.26,US
5879,35,56051.83,US
5880,68,72248.78,US
5881,30,53395.34,UK
5882,61,67765.62,US
5883,20,54597.75,US
5884,48,100169.41,CA
5885,22,83989.75,CA
5886,68,98642.62,US
5887,30,36684.55,US
5888,45,70694.64,UK
5889,64,35823.41,CA
5890,60,75636.82,US
5891,55,104837.75,US
5892,60,79932.35,US
5893,38,93833.4,UK
5894,23,44944.84,US
5895,51,91614.66,US
5896,67,119366.17,CA
5897,46,78182.22,US
5898,20,64981.04,UK
5899,67,89224.79,CA
5900,69,94638.36,UK
5901,42,44125.95,UK
5902,54,103178.04,CA
5903,29,55426.59,US
5904,64,67226.52,US
5905,28,100226.36,US
5906,43,66223.42,UK
5907,52,118104.78,UK
5908,61,106753.24,CA
5909,22,116481.68,US
5910,34,34210.44,US
5911,29,42200.12,US
5912,23,115906.86,UK
5913,46,112834.08,US
5914,62,101868.91,US
5915,28,103909.57,US
5916,45,41657.35,UK
5917,70,78027.76,US
5918,64,74088.73,CA
5919,20,64421.98,UK
5920,34,97391.04,US
5921,32,85166.67,US
5922,69,99067.54,CA
5923,62,53568.04,CA
5924,43,35972.09,US
5925,54,38348.84,CA
5926,57,80524.12,US
5927,36,117612.84,US
5928,39,30410.56,UK
5929,70,64268.89,UK
5930,28,62597.78,US
5931,58,90417.57,CA
5932,30,59560.24,CA
5933,54,82229.31,UK
5934,42,85635.03,CA
5935,35,81053.12,UK
5936,62,115812.72,UK
5937,33,67326.56,UK
5938,21,73482.6,UK
5939,60,49366.13,US
5940,60,98500.78,CA
5941,60,70771.73,US
5942,65,59450.18,US
5943,27,37296.64,UK
5944,41,74391.13,UK
5945,48,77922.27,UK
5946,40,66124.13,US
5947,36,74019.68,CA
5948,28,83148.24,UK
5949,66,35053.48,US
5950,51,113959.76,US
5951,31,56884.14,US
5952,68,80298.81,UK
5953,70,118907.86,US
5954,53,80337.55,CA
5955,30,82414.94,CA
5956,52,50665.55,CA
5957,36,37180.73,UK
5958,30,32315.84,CA
5959,69,55520.32,UK
5960,48,30862.43,US
5961,37,57442.8,UK
5962,30,86877.08,UK
5963,70,30221.99,US
5964,37,66937.03,UK
5965,27,40792.78,US
5966,68,33613.43,UK
5967,30,37793.97,CA
5968,35,48599.75,UK
5969,38,38806.55,UK
5970,44,116541.79,CA
5971,40,55717.08,UK
5972,29,56644.21,US
5973,69,69688.86,CA
5974,41,39943.47,US
5975,26,90969.07,CA
5976,62,36198.22,CA
5977,21,47349.86,US
5978,65,83665.1,US
5979,57,56286.52,US
5980,55,62647.61,US
5981,33,81021.37,CA
5982,58,105082.08,UK
5983,44,114783.78,US
5984,55,117330.0,CA
5985,28,67776.86,US
5986,33,102886.5,UK
5987,61,58487.48,UK
5988,38,77357.57,US
5989,45,41930.06,UK
5990,63,82659.14,US
5991,37,104638.69,UK
5992,70,41995.62,US
5993,46,104368.96,US
5994,36,74292.39,UK
5995,44,68403.84,US
5996,62,95542.77,US
5997,30,67839.97,US
5998,21,97714.71,UK
5999,21,73353.21,US
6000,39,103953.75,US
6001,67,113726.98,US
6002,61,95955.7,UK
6003,66,90751.72,UK
6004,29,31787.32,UK
6005,27,80704.0,CA
6006,34,103287.22,CA
6007,68,63997.65,UK
6008,46,56008.22,CA
6009,52,112026.99,US
6010,50,40505.8,UK
6011,39,94854.92,US
6012,29,38036.6,UK
6013,42,44433.71,US
6014,42,35349.76,UK
6015,66,31229.36,US
6016,25,112415.88,UK
6017,69,55079.28,UK
6018,55,99368.79,US
6019,36,38583.69,UK
6020,41,104805.56,UK
6021,48,35617.12,CA
6022,34,108544.93,UK
6023,59,106823.88,CA
6024,45,50022.68,CA
6025,30,68785.9,CA
6026,52,37439.11,US
6027,47,82071.36,UK
6028,68,115277.64,US
6029,27,43489.95,US
6030,56,90770.06,UK
6031,52,39657.18,UK
6032,59,77622.72,UK
6033,48,94426.61,UK
6034,67,116466.2,UK
6035,29,40824.79,CA
6036,31,118269.57,UK
6037,51,35981.51,UK
6038,20,57571.79,UK
6039,43,45301.49,UK
6040,34,69754.87,UK
6041,24,106953.41,UK
6042,20,57949.75,US
6043,32,62130.61,US
6044,38,71018.99,US
6045,62,119550.45,UK
6046,67,41453.11,US
6047,64,36397.1,UK
6048,64,38978.47,UK
6049,20,85150.39,CA
6050,23,86109.18,UK
6051,21,78875.14,US
6052,61,67122.25,US
6053,39,112900.67,US
6054,53,42467.68,US
6055,61,118923.59,UK
6056,55,76541.05,UK
6057,54,33599.79,UK
6058,64,71245.9,CA
6059,22,44164.38,CA
6060,42,113920.23,UK
6061,41,82200.44,US
6062,28,97581.15,UK
6063,67,94960.19,UK
6064,20,53230.29,UK
6065,39,53554.56,US
6066,25,77505.78,US
6067,53,58053.93,US
6068,43,75754.37,CA
6069,46,96441.54,US
6070,70,48661.79,US
6071,53,34499.7,US
6072,41,70312.55,US
6073,64,84338.59,UK
6074,22,78618.42,UK
6075,41,117378.96,US
6076,34,95217.9,US
6077,70,96054.71,US
6078,31,98247.9,US
6079,53,45021.92,UK
6080,26,113601.35,US
6081,63,64531.27,UK
6082,38,106800.96,UK
6083,58,37670.71,US
6084,53,72946.04,US
6085,24,66341.85,UK
6086,25,36609.62,UK
6087,35,46487.78,US
6088,24,56838.01,UK
6089,46,108513.11,UK
6090,50,99508.68,CA
6091,62,110136.82,UK
6092,50,54892.62,US
6093,22,46926.53,UK
6094,49,77144.47,US
6095,46,68155.01,US
6096,49,65111.18,CA
6097,61,105131.66,US
6098,31,71889.71,US
6099,30,86538.35,US
6100,53,62343.74,UK
6101,39,119959.47,UK
6102,68,109786.59,UK
6103,39,70100.73,UK
6104,52,63191.52,UK
6105,46,69112.8,UK
6106,52,57270.8,UK
6107,41,36532.75,UK
6108,32,102715.71,UK
6109,67,55815.08,UK
6110,44,85934.19,UK
6111,48,104199.15,UK
6112,29,31290.59,US
6113,27,45049.04,UK
6114,64,69442.45,US
6115,47,73008.01,US
6116,42,52594.1,UK
6117,20,42290.16,UK
6118,26,61201.01,UK
6119,36,45459.64,UK
6120,68,89051.06,US
6121,63,70215.56,UK
6122,35,62217.69,UK
6123,20,90962.36,UK
6124,59,59176.9,US
6125,24,106993.94,UK
6126,50,96958.47,US
6127,20,94608.34,US
6128,47,65230.23,UK
6129,40,44212.51,US
6130,57,47112.45,CA
6131,35,75901.77,UK
6132,25,41008.18,UK
6133,23,44246.61,UK
6134,54,96317.29,UK
6135,39,117746.17,US
6136,64,80457.86,US
6137,37,100506.62,CA
6138,60,78546.17,US
6139,36,38016.22,UK
6140,70,82310.59,CA
6141,31,113017.83,CA
6142,61,85969.54,CA
6143,25,33962.52,UK
6144,30,110045.41,US
6145,51,77837.01,UK
6146,28,100287.5,CA
6147,62,64088.97,UK
6148,54,55712.16,UK
6149,45,87189.27,US
6150,29,56893.71,UK
6151,39,92324.25,US
6152,69,88681.57,CA
6153,32,81572.04,UK
6154,25,117065.54,UK
6155,31,98215.91,US
6156,41,56825.01,CA
6157,25,38121.31,UK
6158,29,96183.31,US
6159,50,93071.18,UK
6160,59,114351.82,CA
6161,62,57355.29,CA
6162,58,83914.75,US
6163,70,73400.36,UK
6164,70,95689.09,UK
6165,26,85442.74,US
6166,55,36548.69,UK
6167,38,103958.3,US
6168,32,102082.03,UK
6169,21,75445.06,US
6170,53,91112.3,CA
6171,35,74461.87,UK
6172,43,53070.51,US
6173,49,95768.56,UK
6174,41,116305.27,US
6175,43,40160.73,UK
6176,52,42551.77,CA
6177,53,68893.32,UK
6178,25,96041.85,US
6179,35,57435.32,US
6180,58,41578.77,US
6181,44,87009.87,CA
6182,68,109122.64,UK
6183,68,52128.9,UK
6184,31,112602.56,US
6185,39,68668.23,US
6186,52,103569.69,US
6187,49,32017.74,UK
6188,28,98538.94,UK
6189,26,77792.07,CA
6190,53,107928.83,CA
6191,32,52094.76,UK
6192,68,37879.16,US
6193,55,58707.67,US
6194,44,63413.92,CA
6195,47,59517.72,US
6196,63,75758.12,US
6197,56,98712.58,UK
6198,53,79431.81,US
6199,58,114299.54,US
6200,49,99991.08,US
6201,50,92829.52,UK
6202,59,118898.16,CA
6203,56,89368.15,CA
6204,31,38100.17,UK
6205,68,44151.72,UK
6206,23,87433.6,CA
6207,67,37794.56,UK
6208,36,100768.65,CA
6209,66,99412.08,US
6210,38,103345.31,US
6211,26,69226.43,UK
6212,50,72815.86,UK
6213,26,111974.21,US
6214,41,41509.91,UK
6215,40,43036.49,UK
6216,63,114769.16,CA
6217,53,33808.41,US
6218,44,54700.77,UK
6219,67,42709.78,UK
6220,65,98192.95,CA
6221,59,47648.31,UK
6222,49,88574.21,US
6223,42,111335.01,US
6224,58,45035.76,US
6225,36,82058.18,UK
6226,55,76320.76,US
6227,23,106059.53,US
6228,41,44020.18,US
6229,70,38613.93,UK
6230,67,102173.63,UK
6231,52,88327.38,CA
6232,44,57001.04,UK
6233,57,114141.92,UK
6234,50,89917.48,CA
6235,28,99552.99,UK
6236,50,89768.55,UK
6237,49,111206.44,UK
6238,20,109378.22,UK
6239,56,53131.71,UK
6240,68,77883.93,US
6241,20,51013.33,UK
6242,66,56745.26,UK
6243,46,33127.16,US
6244,29,117592.54,UK
6245,20,49095.51,UK
6246,57,106908.68,CA
6247,21,46088.43,US
6248,67,103794.87,US
6249,24,77253.8,UK
6250,34,55546.22,UK
6251,51,41123.98,US
6252,40,66509.75,US
6253,45,81594.17,US
6254,52,110206.75,UK
6255,59,64027.31,UK
6256,47,59149.05,UK
6257,67,66022.22,UK
6258,42,113175.11,US
6259,59,79997.44,US
6260,29,116960.25,UK
6261,58,100450.91,UK
6262,44,100551.78,US
6263,47,119840.81,UK
6264,50,96138.03,US
6265,56,99874.69,UK
6266,39,30664.64,CA
6267,32,89406.99,US
6268,68,36944.8,UK
6269,45,86485.1,US
6270,21,99632.2,UK
6271,22,58427.61,UK
6272,50,69412.48,UK
6273,58,57248.38,UK
6274,22,80884.65,US
6275,70,107040.28,UK
6276,37,107588.13,CA
6277,65,42604.05,CA
6278,65,45828.96,UK
6279,35,80162.78,UK
6280,47,37609.47,US
6281,48,104733.82,CA
6282,53,90153.25,UK
6283,61,89716.14,US
6284,51,40432.01,UK
6285,65,110533.22,UK
6286,35,71525.32,CA
6287,63,79116.47,CA
6288,29,102074.04,UK
6289,46,109385.01,CA
6290,55,68439.13,US
6291,53,34578.48,UK
6292,34,97902.54,US
6293,68,105680.45,CA
6294,36,54968.75,UK
6295,37,90357.36,UK
6296,55,46718.76,CA
6297,62,60552.64,UK
6298,28,72929.43,UK
6299,66,99000.89,UK
6300,21,66361.52,UK
6301,31,69305.57,UK
6302,25,69337.1,US
6303,23,38902.72,UK
6304,42,91251.22,CA
6305,56,76810.01,US
6306,38,66130.61,CA
6307,50,74707.63,US
6308,32,105710.84,US
6309,48,60586.93,UK
6310,45,36778.81,UK
6311,45,56813.9,UK
6312,38,112758.06,US
6313,49,103851.42,UK
6314,38,51264.35,US
6315,52,60828.08,UK
6316,54,103267.45,UK
6317,30,96424.55,CA
6318,31,110763.31,UK
6319,64,73059.29,US
6320,48,99940.12,UK
6321,23,37853.66,UK
6322,50,116378.51,UK
6323,26,109169.36,UK
6324,33,44759.76,UK
6325,40,32693.36,US
6326,48,75993.37,UK
6327,35,119315.55,UK
6328,52,91726.2,US
6329,38,66487.55,US
6330,31,50537.12,US
6331,67,86618.82,CA
6332,34,89298.18,UK
6333,29,109471.65,US
6334,50,64256.68,US
6335,45,94258.25,CA
6336,31,44657.29,US
6337,66,60903.92,US
6338,36,111286.63,UK
6339,37,112571.24,UK
6340,36,54526.67,UK
6341,49,51913.61,UK
6342,36,104644.23,UK
6343,25,35250.23,US
6344,31,84462.29,UK
6345,62,50531.13,CA
6346,26,95323.49,CA
6347,60,72128.4,US
6348,38,72960.31,CA
6349,60,100961.5,US
6350,43,94234.04,US
6351,66,106667.95,UK
6352,58,92274.6,UK
6353,66,30784.22,US
6354,23,107953.52,CA
6355,55,77871.43,UK
6356,66,105857.67,UK
6357,38,51348.32,US
6358,41,41287.62,US
6359,59,90567.66,US
6360,63,53072.5,US
6361,66,30071.49,UK
6362,49,55844.68,CA
6363,24,55398.94,UK
6364,36,94394.71,UK
6365,53,70055.07,UK
6366,29,82692.62,UK
6367,68,61079.34,CA
6368,38,85742.25,UK
6369,68,56899.65,UK
6370,42,44928.83,US
6371,53,84343.48,UK
6372,26,62159.92,UK
6373,55,99737.02,CA
6374,23,30817.94,CA
6375,60,31207.22,UK
6376,20,33083.62,CA
6377,37,66229.81,UK
6378,58,77101.9,US
6379,60,76935.08,US
6380,34,109477.24,US
6381,38,99733.59,UK
6382,56,119802.55,UK
6383,25,109131.45,CA
6384,43,96736.35,CA
6385,61,118420.59,US
6386,30,76523.68,UK
6387,31,119075.51,CA
6388,22,110456.75,UK
6389,58,77982.25,CA
6390,54,101265.77,UK
6391,64,56403.9,CA
6392,33,52337.2,UK
6393,20,97448.27,UK
6394,36,68727.19,UK
6395,64,99768.32,US
6396,65,116668.09,CA
6397,56,92621.47,US
6398,27,54227.3,US
6399,36,84016.09,UK
6400,28,88513.48,US
6401,34,53210.1,US
6402,45,103612.45,US
6403,30,118175.5,UK
6404,52,48332.52,US
6405,54,43410.93,CA
6406,34,71275.75,CA
6407,47,107609.9,US
6408,62,61914.93,UK
6409,68,64886.65,US
6410,59,116959.96,UK
6411,70,102630.08,US
6412,58,76067.14,UK
6413,67,117234.66,US
6414,35,49865.18,US
6415,47,49817.57,UK
6416,31,96739.52,US
6417,44,56704.83,UK
6418,51,43346.37,US
6419,55,51175.06,UK
6420,37,36972.72,UK
6421,32,107445.09,UK
6422,33,68828.57,UK
6423,48,63059.48,US
6424,63,64512.12,US
6425,65,48757.86,UK
6426,50,88822.1,UK
6427,25,74455.45,US
6428,37,99079.48,UK
6429,21,56032.58,US
6430,54,110104.81,UK
6431,64,49661.32,UK
6432,46,35639.94,US
6433,22,61956.76,UK
6434,57,57507.94,UK
6435,38,70559.28,UK
6436,20,80100.69,UK
6437,63,45204.48,US
6438,30,105664.01,US
6439,60,36038.89,US
6440,31,52291.71,UK
6441,67,108656.42,CA
6442,34,30635.76,UK
6443,49,58139.93,US
6444,61,43687.12,CA
6445,48,87464.8,UK
6446,64,41735.14,US
6447,32,44415.63,US
6448,46,37058.83,US
6449,58,91367.94,US
6450,63,111424.7,CA
6451,21,49796.95,US
6452,25,99848.0,CA
6453,37,33747.67,US
6454,54,85708.73,US
6455,59,90638.32,UK
6456,31,83036.27,US
6457,55,72207.01,UK
6458,68,33552.12,US
6459,33,45454.64,US
6460,63,107795.36,CA
6461,21,82737.89,CA
6462,20,49305.75,CA
6463,46,71752.26,US
6464,56,34607.12,US
6465,55,101839.89,UK
6466,27,48545.03,US
6467,37,74594.24,UK
6468,45,57422.82,UK
6469,32,37600.18,US
6470,20,43424.81,US
6471,43,101700.63,CA
6472,70,35629.03,UK
6473,64,38621.89,UK
6474,35,74816.64,US
6475,58,115525.13,US
6476,25,97387.02,US
6477,69,38861.94,CA
6478,42,78064.55,CA
6479,22,73978.89,CA
6480,41,89322.34,US
6481,52,62296.01,UK
6482,42,64349.48,UK
6483,63,99426.86,US
6484,34,106608.73,CA
6485,70,73246.68,UK
6486,48,51394.37,CA
6487,39,71227.67,UK
6488,56,86953.72,US
6489,25,102976.14,US
6490,40,55100.43,US
6491,69,101157.45,US
6492,40,31750.48,US
6493,58,50521.98,US
6494,21,109435.14,UK
6495,34,72689.18,UK
6496,40,100512.98,US
6497,59,45956.45,UK
6498,60,71357.68,UK
6499,46,56079.59,US
6500,50,66693.6,US
6501,48,78676.31,UK
6502,32,47916.94,UK
6503,22,33129.66,US
6504,23,96186.0,US
6505,47,30932.13,UK
6506,50,109228.34,UK
6507,41,102362.25,UK
6508,51,94320.9,US
6509,64,62585.64,UK
6510,48,69951.28,CA
6511,40,89314.59,UK
6512,41,34497.08,CA
6513,54,36835.84,US
6514,58,45671.59,US
6515,31,49626.32,US
6516,26,100674.93,UK
6517,33,98285.95,US
6518,32,73192.27,US
6519,53,115013.04,CA
6520,65,62111.49,CA
6521,38,45783.88,UK
6522,60,110737.82,CA
6523,43,112295.84,US
6524,35,54105.78,UK
6525,60,101087.42,US
6526,46,43232.05,UK
6527,25,39939.91,UK
6528,40,75507.1,CA
6529,42,98530.74,US
6530,43,119530.02,UK
6531,50,43943.99,UK
6532,33,100945.0,US
6533,27,98568.2,US
6534,67,101741.07,US
6535,63,80219.03,US
6536,61,81984.07,US
6537,63,35642.81,US
6538,44,111026.08,US
6539,45,60209.08,UK
6540,33,55308.97,UK
6541,70,87913.82,UK
6542,63,105198.23,CA
6543,21,44459.23,US
6544,25,109994.44,UK
6545,37,48756.93,CA
6546,43,43458.53,CA
6547,47,54081.69,US
6548,51,51681.24,US
6549,42,87504.51,CA
6550,22,108689.09,US
6551,59,85582.91,UK
6552,40,112242.53,CA
6553,27,104873.16,UK
6554,23,77522.01,CA
6555,58,61947.98,UK
6556,40,87748.75,CA
6557,30,48448.66,UK
6558,35,85011.93,US
6559,49,74817.38,US
6560,49,30690.2,US
6561,34,94768.99,UK
6562,60,62653.7,US
6563,68,78941.82,US
6564,28,78133.0,US
6565,21,51681.89,US
6566,36,101393.68,US
6567,57,73260.72,UK
6568,36,61935.41,CA
6569,63,70649.83,UK
6570,40,91417.91,UK
6571,41,65707.7,CA
6572,66,50661.84,CA
6573,53,32524.12,US
6574,38,41214.22,US
6575,45,53521.37,UK
6576,62,37596.48,US
6577,53,66652.81,UK
6578,67,43725.38,CA
6579,36,80422.28,UK
6580,46,30114.61,US
6581,49,91655.01,US
6582,49,96581.52,US
6583,49,62208.75,UK
6584,37,58569.06,CA
6585,66,99829.77,UK
6586,56,55292.6,UK
6587,36,116289.35,UK
6588,65,103090.9,US
6589,50,100758.46,US
6590,35,58481.67,US
6591,68,81979.62,UK
6592,43,107249.56,US
6593,23,53984.96,UK
6594,31,85383.13,CA
6595,58,50186.38,US
6596,42,49351.16,UK
6597,49,31715.08,US
6598,55,36583.02,US
6599,57,44715.1,US
6600,68,70655.44,UK
6601,63,38418.57,UK
6602,35,76583.38,CA
6603,21,64745.18,UK
6604,69,45801.09,UK
6605,23,107037.21,CA
6606,60,39414.73,US
6607,67,94862.08,US
6608,61,65698.51,US
6609,67,111138.15,UK
6610,57,109582.8,US
6611,21,64074.67,US
6612,30,45538.13,US
6613,36,100798.76,US
6614,30,101917.88,US
6615,44,98832.08,CA
6616,59,31720.87,UK
6617,64,100630.42,UK
6618,40,112018.65,UK
6619,70,113474.98,CA
6620,58,40165.05,US
6621,50,77500.63,CA
6622,64,56434.37,UK
6623,60,49169.99,US
6624,36,77982.86,US
6625,26,50488.93,US
6626,54,104374.78,CA
6627,54,84725.54,US
6628,58,54718.47,CA
6629,58,38177.66,US
6630,63,106579.08,UK
6631,62,38994.57,US
6632,33,37377.72,UK
6633,62,93857.94,UK
6634,41,37169.39,UK
6635,21,102570.63,US
6636,44,70395.59,US
6637,37,84686.09,US
6638,36,118177.74,US
6639,31,42345.72,US
6640,70,82115.13,US
6641,52,117633.68,US
6642,32,71985.46,CA
6643,60,103653.51,UK
6644,23,88716.33,CA
6645,35,113556.62,US
6646,46,71364.52,UK
6647,44,72707.51,CA
6648,30,82617.67,UK
6649,35,83239.54,CA
6650,46,102529.01,UK
6651,44,110009.46,CA
6652,31,106928.21,UK
6653,39,103398.56,UK
6654,48,40668.67,US
6655,47,99244.17,US
6656,30,103565.66,UK
6657,21,104807.46,CA
6658,59,96117.11,UK
6659,55,91905.4,CA
6660,30,37204.35,US
6661,70,56227.73,UK
6662,37,64954.86,US
6663,61,71414.94,US
6664,45,77083.45,UK
6665,62,91909.48,US
6666,62,96572.56,CA
6667,51,49818.68,UK
6668,41,45474.31,UK
6669,36,66890.75,UK
6670,36,61371.83,UK
6671,63,88020.04,UK
6672,42,67443.46,US
6673,54,93677.4,UK
6674,45,118175.19,UK
6675,27,90007.75,UK
6676,69,99273.35,UK
6677,22,44084.68,UK
6678,40,47757.52,US
6679,25,33060.02,US
6680,57,89946.58,UK
6681,67,81719.53,US
6682,39,43224.82,UK
6683,34,71274.28,CA
6684,41,109396.97,UK
6685,68,69327.7,UK
6686,63,48671.32,UK
6687,58,40610.21,US
6688,43,51209.46,CA
6689,40,88403.68,US
6690,67,65039.23,UK
6691,56,59148.89,UK
6692,46,37776.04,CA
6693,41,115409.97,US
6694,26,96664.04,UK
6695,20,94767.38,US
6696,70,108636.96,US
6697,56,36169.58,UK
6698,58,62177.17,UK
6699,53,119186.37,CA
6700,68,90898.64,US
6701,44,101504.66,US
6702,69,54365.66,US
6703,24,76339.07,US
6704,63,102196.81,US
6705,36,115449.54,US
6706,64,58124.96,US
6707,55,100035.09,UK
6708,70,82101.47,US
6709,26,115152.14,CA
6710,64,115498.23,US
6711,51,92015.0,UK
6712,66,80180.67,US
6713,51,74315.65,CA
6714,56,61754.15,US
6715,28,86409.71,CA
6716,35,63515.59,US
6717,67,44273.59,US
6718,63,72971.36,US
6719,60,65213.68,CA
6720,54,108067.24,US
6721,63,66958.12,US
6722,30,75231.6,US
6723,61,65225.87,US
6724,23,38786.02,CA
6725,26,66851.88,CA
6726,27,53276.19,UK
6727,61,73469.86,US
6728,56,33788.39,US
6729,34,74740.4,US
6730,26,66035.05,UK
6731,30,60940.64,US
6732,58,64977.78,UK
6733,39,58192.52,US
6734,45,114067.34,UK
6735,38,36428.56,US
6736,56,39652.0,US
6737,57,74939.54,UK
6738,20,50399.59,US
6739,55,64853.29,US
6740,59,119386.32,UK
6741,70,43310.63,CA
6742,68,54746.35,US
6743,69,98382.5,US
6744,33,66796.88,UK
6745,31,36174.82,UK
6746,62,69387.0,US
6747,58,99061.33,UK
6748,58,31048.47,UK
6749,34,32384.18,UK
6750,49,112287.56,CA
6751,53,114074.04,US
6752,37,97357.45,UK
6753,58,49968.0,US
6754,66,70872.38,US
6755,59,56402.87,CA
6756,61,56072.88,US
6757,50,103349.82,US
6758,20,57007.82,US
6759,44,112575.68,CA
6760,54,91452.24,UK
6761,47,44084.38,CA
6762,59,45966.44,UK
6763,42,61447.99,US
6764,66,62477.4,US
6765,21,84050.24,UK
6766,69,92204.98,CA
6767,68,105372.51,UK
6768,36,119786.61,CA
6769,60,92369.73,UK
6770,51,66255.46,US
6771,20,63524.94,US
6772,56,37352.69,UK
6773,45,54597.94,US
6774,37,114374.18,US
6775,63,104588.72,UK
6776,20,104796.12,CA
6777,41,112572.34,UK
6778,69,75811.2,CA
6779,24,95158.45,US
6780,34,33452.67,CA
6781,29,46839.05,US
6782,42,37509.53,US
6783,61,40330.23,CA
6784,40,63493.62,US
6785,50,107809.06,UK
6786,20,76616.76,US
6787,44,101104.42,CA
6788,48,80924.88,UK
6789,66,51986.7,US
6790,56,46691.51,UK
6791,23,61395.62,UK
6792,44,84109.07,US
6793,22,106018.73,UK
6794,46,60353.74,US
6795,34,91941.81,US
6796,56,59439.73,CA
6797,35,37275.85,US
6798,67,64568.3,UK
6799,61,78642.2,UK
6800,36,112270.7,UK
6801,55,76718.28,UK
6802,52,52923.82,US
6803,45,73202.22,US
6804,41,47466.12,UK
6805,59,77225.57,US
6806,62,100605.65,US
6807,45,48729.24,CA
6808,26,98671.24,US
6809,48,62007.11,US
6810,43,113594.83,CA
6811,30,116586.0,CA
6812,61,78214.79,UK
6813,27,36507.24,UK
6814,45,41323.22,CA
6815,54,89232.7,UK
6816,66,30923.25,CA
6817,60,115727.98,UK
6818,37,89736.98,US
6819,67,61327.11,US
6820,22,44506.22,UK
6821,35,54002.54,UK
6822,45,108035.72,US
6823,35,57378.17,US
6824,55,79217.85,US
6825,43,97263.17,UK
6826,38,95202.72,US
6827,62,33256.42,US
6828,70,49278.52,UK
6829,50,61020.15,US
6830,40,92006.92,US
6831,46,61735.56,CA
6832,51,65598.87,UK
6833,47,118106.89,UK
6834,64,57527.65,UK
6835,35,85590.17,UK
6836,50,99875.94,US
6837,64,34869.43,CA
6838,28,92443.76,US
6839,39,92294.52,CA
6840,49,99662.78,US
6841,31,66863.79,US
6842,29,104740.46,UK
6843,66,69428.14,US
6844,27,118845.11,UK
6845,44,35572.76,US
6846,65,62950.92,UK
6847,49,42937.36,UK
6848,24,116715.92,UK
6849,52,54833.95,CA
6850,23,52298.21,UK
6851,21,111376.94,US
6852,35,57954.55,UK
6853,38,96574.51,US
6854,23,89376.91,UK
6855,31,81316.28,UK
6856,69,96272.32,US
6857,37,83190.0,US
6858,51,113190.13,US
6859,34,71107.57,US
6860,60,86642.44,UK
6861,41,107232.17,UK
6862,49,42715.19,US
6863,45,60032.24,UK
6864,31,32977.8,US
6865,38,90103.6,US
6866,41,70733.8,US
6867,23,86652.37,CA
6868,49,65070.25,UK
6869,33,39079.3,US
6870,65,59036.19,US
6871,26,83683.8,UK
6872,36,102340.66,UK
6873,22,89239.35,US
6874,56,71555.67,UK
6875,28,102794.17,UK
6876,65,49900.75,US
6877,53,59385.07,UK
6878,26,95051.32,US
6879,55,45930.96,US
6880,65,85415.22,UK
6881,40,45195.84,US
6882,67,67804.82,US
6883,68,106360.69,CA
6884,38,52422.66,CA
6885,29,103491.61,UK
6886,29,73381.5,US
6887,30,44100.69,CA
6888,29,114596.06,US
6889,39,66114.13,US
6890,40,58617.01,UK
6891,59,35387.77,US
6892,44,82263.41,CA
6893,36,104560.96,UK
6894,70,80208.24,CA
6895,59,58951.97,CA
6896,23,96045.65,UK
6897,38,33499.94,US
6898,32,113408.47,US
6899,56,100728.6,UK
6900,59,72897.27,UK
6901,25,68272.83,US
6902,64,105978.27,US
6903,70,30907.33,UK
6904,63,34651.29,UK
6905,22,71008.32,UK
6906,45,48684.93,US
6907,70,32747.51,US
6908,52,49743.88,CA
6909,23,50613.75,UK
6910,53,53880.92,UK
6911,38,65817.34,CA
6912,40,58525.07,US
6913,20,109630.16,UK
6914,67,85555.37,US
6915,37,110739.92,UK
6916,65,94755.21,UK
6917,56,76069.31,US
6918,40,118318.9,UK
6919,36,107712.96,CA
6920,68,34407.95,UK
6921,70,48212.44,UK
6922,51,112053.63,UK
6923,50,99242.88,UK
6924,36,114743.0,UK
6925,44,111273.45,UK
6926,49,61999.13,UK
6927,42,38803.74,CA
6928,66,41062.99,UK
6929,28,38444.7,UK
6930,22,90247.73,US
6931,59,35783.88,US
6932,34,39550.92,CA
6933,34,56080.67,CA
6934,31,99645.84,UK
6935,57,47625.26,US
6936,52,86909.79,US
6937,60,52386.93,US
6938,53,105739.37,US
6939,57,56159.23,UK
6940,49,42111.91,US
6941,54,117586.13,UK
6942,49,83333.84,US
6943,36,65350.26,US
6944,42,70603.11,US
6945,27,82965.53,CA
6946,66,46104.44,UK
6947,31,86589.71,US
6948,58,108816.39,UK
6949,33,47551.82,US
6950,52,105009.53,US
6951,31,102068.15,UK
6952,69,81893.16,US
6953,70,93286.21,UK
6954,30,57480.4,US
6955,55,31150.02,US
6956,63,50109.29,US
6957,37,44726.42,UK
6958,36,52386.82,US
6959,38,31832.41,CA
6960,32,110036.32,UK
6961,31,114614.9,UK
6962,57,115908.58,US
6963,28,43283.95,US
6964,28,33357.11,US
6965,43,37561.61,US
6966,67,85200.82,US
6967,56,103596.65,UK
6968,62,46408.99,CA
6969,34,36548.71,CA
6970,37,77975.78,US
6971,41,54961.54,US
6972,39,112181.63,UK
6973,34,34389.35,US
6974,49,72032.09,US
6975,60,104484.61,US
6976,69,50075.88,US
6977,60,100088.9,CA
6978,34,32501.4,CA
6979,26,100110.37,US
6980,42,86230.45,CA
6981,28,46664.34,US
6982,24,99183.46,UK
6983,36,66831.27,UK
6984,56,56518.09,US
6985,58,68458.9,US
6986,62,99189.55,US
6987,34,93293.34,UK
6988,34,66941.74,US
6989,45,77717.12,US
6990,59,64773.35,CA
6991,67,89455.54,US
6992,43,118758.16,US
6993,59,32613.34,CA
6994,56,96079.31,US
6995,46,113696.5,US
6996,43,81568.61,UK
6997,43,99721.46,UK
6998,42,37558.89,US
6999,43,41475.84,UK
7000,60,118891.24,UK
7001,61,30147.94,UK
7002,64,63041.45,US
7003,21,101294.35,US
7004,59,38378.67,US
7005,37,75582.4,US
7006,46,40651.89,US
7007,49,118913.58,US
7008,51,104057.96,US
7009,56,67007.79,CA
7010,43,113645.17,UK
7011,44,98647.71,US
7012,52,110205.42,UK
7013,22,91841.35,UK
7014,30,119634.33,US
7015,31,107122.41,CA
7016,33,64208.01,UK
7017,48,114654.89,US
7018,20,65804.05,UK
7019,24,68244.37,US
7020,27,54010.64,UK
7021,62,30707.85,CA
7022,64,93182.6,US
7023,67,117384.73,CA
7024,69,100798.9,UK
7025,29,88025.06,UK
7026,64,72322.69,US
7027,29,113789.93,US
7028,67,83924.29,US
7029,56,37449.52,UK
7030,65,81595.52,UK
7031,58,85863.36,CA
7032,52,95239.11,US
7033,51,88429.09,UK
7034,41,104873.85,US
7035,56,48077.57,US
7036,45,86629.12,UK
7037,61,92896.7,US
7038,55,42191.76,US
7039,34,104706.12,UK
7040,59,34726.95,CA
7041,62,109038.98,UK
7042,31,45295.32,UK
7043,34,119602.25,US
7044,49,34229.29,CA
7045,69,81176.27,UK
7046,21,99212.64,UK
7047,32,78017.15,CA
7048,42,50884.58,US
7049,43,118604.36,US
7050,29,43242.06,CA
7051,47,56345.24,CA
7052,47,112618.91,CA
7053,27,56604.59,UK
7054,39,34112.71,UK
7055,29,118616.74,UK
7056,41,117948.34,US
7057,34,104911.07,UK
7058,39,61904.89,US
7059,32,52467.7,UK
7060,67,109191.88,UK
7061,54,116593.53,US
7062,53,109400.28,CA
7063,62,49650.53,US
7064,65,62745.11,US
7065,47,89850.44,US
7066,63,79991.06,US
7067,57,75816.56,US
7068,57,107335.57,UK
7069,27,63454.84,UK
7070,68,81915.43,US
7071,69,118036.56,US
7072,50,42632.97,UK
7073,66,30621.86,UK
7074,53,41535.66,UK
7075,68,60532.81,CA
7076,64,37061.58,US
7077,66,67372.12,US
7078,34,111906.9,UK
7079,50,75043.02,US
7080,46,101057.03,UK
7081,23,104492.06,UK
7082,48,43741.34,UK
7083,47,113572.59,US
7084,53,68112.61,US
7085,54,76128.19,US
7086,21,93534.53,US
7087,25,84196.9,UK
7088,23,82170.29,CA
7089,63,49804.7,CA
7090,65,108174.32,UK
7091,55,70627.62,US
7092,63,55298.72,US
7093,63,64049.61,CA
7094,26,63060.89,CA
7095,39,82166.35,US
7096,67,111249.65,UK
7097,59,106792.29,US
7098,25,119598.79,US
7099,32,48435.72,US
7100,64,75737.01,US
7101,22,83157.49,US
7102,42,69363.99,US
7103,57,82374.17,UK
7104,25,111188.04,CA
7105,37,106053.55,CA
7106,39,96104.09,US
7107,21,52318.15,UK
7108,38,106694.86,UK
7109,32,53048.58,UK
7110,68,97353.89,UK
7111,21,30820.77,US
7112,70,96797.53,US
7113,31,75024.52,US
7114,46,37459.81,UK
7115,30,68495.72,UK
7116,62,46208.81,CA
7117,36,72951.73,CA
7118,63,63026.95,UK
7119,64,74701.85,UK
7120,58,107348.14,CA
7121,42,115061.51,UK
7122,54,90252.23,UK
7123,23,88396.06,CA
7124,59,53814.66,CA
7125,21,65320.23,UK
7126,37,97993.24,UK
7127,21,53696.31,UK
7128,70,63442.75,UK
7129,22,97769.33,CA
7130,51,100595.34,US
7131,30,57725.48,UK
7132,37,38116.29,US
7133,24,116057.34,UK
7134,33,90686.38,US
7135,58,94521.13,UK
7136,32,105025.43,US
7137,52,105055.23,CA
7138,24,47085.77,CA
7139,45,109003.68,UK
7140,39,56889.23,UK
7141,39,117511.46,CA
7142,62,97222.96,CA
7143,20,109143.73,UK
7144,44,61706.32,CA
7145,69,89869.85,UK
7146,69,50494.84,US
7147,31,104707.04,US
7148,28,41479.53,UK
7149,53,108838.47,UK
7150,41,34617.04,CA
7151,42,91123.61,US
7152,60,106369.29,CA
7153,29,61609.38,US
7154,20,50629.84,CA
7155,66,55911.09,CA
7156,64,50150.4,UK
7157,39,78641.41,US
7158,31,99660.38,CA
7159,65,41964.17,UK
7160,60,32845.06,US
7161,45,41918.52,CA
7162,21,40770.66,US
7163,25,64188.36,US
7164,33,34457.12,CA
7165,45,59379.28,UK
7166,38,46097.2,US
7167,59,49447.36,CA
7168,44,78414.71,CA
7169,24,115430.81,UK
7170,61,54214.83,US
7171,37,40646.0,UK
7172,36,71317.86,UK
7173,43,75507.26,US
7174,64,86077.65,US
7175,26,49998.18,US
7176,59,102626.12,UK
7177,39,35858.57,CA
7178,22,61483.37,CA
7179,58,115340.52,US
7180,60,111247.02,UK
7181,52,83731.44,UK
7182,31,104065.67,CA
7183,42,78041.31,UK
7184,34,61910.19,UK
7185,20,94611.1,US
7186,33,82905.82,US
7187,33,62339.36,US
7188,35,93237.23,UK
7189,65,81101.78,UK
7190,57,62321.34,CA
7191,50,70842.77,UK
7192,51,59015.1,US
7193,36,79152.91,UK
7194,45,90587.35,US
7195,51,79945.7,UK
7196,25,48886.16,UK
7197,39,74457.23,US
7198,24,65516.32,UK
7199,68,97882.52,US
7200,58,101587.81,US
7201,56,45833.95,US
7202,55,92566.75,CA
7203,54,68560.61,CA
7204,27,110519.8,US
7205,26,71790.4,UK
7206,60,61890.17,CA
7207,38,89854.08,UK
7208,61,113462.95,UK
7209,30,112334.91,CA
7210,65,82392.48,UK
7211,64,35613.66,CA
7212,37,48252.02,UK
7213,37,59485.8,UK
7214,21,102589.43,UK
7215,37,30402.76,UK
7216,44,116403.35,US
7217,40,100182.49,UK
7218,60,33292.33,UK
7219,48,56295.63,UK
7220,52,75116.98,UK
7221,67,75367.05,US
7222,20,87098.31,CA
7223,68,37049.68,UK
7224,51,104988.6,US
7225,61,58029.0,CA
7226,28,60904.39,US
7227,70,100434.04,UK
7228,39,69965.31,US
7229,35,115411.35,CA
7230,35,63063.38,US
7231,47,31100.56,US
7232,24,31921.64,UK
7233,36,61443.1,CA
7234,49,92414.88,US
7235,55,99036.3,US
7236,44,118319.25,UK
7237,47,99284.02,UK
7238,33,97458.54,US
7239,57,102640.14,UK
7240,45,95648.2,CA
7241,37,112903.04,US
7242,30,112062.11,UK
7243,58,113133.53,US
7244,51,81937.77,US
7245,28,85602.37,CA
7246,61,61213.83,CA
7247,68,85072.46,UK
7248,53,119554.81,UK
7249,39,71663.96,US
7250,66,63116.64,UK
7251,50,65004.33,CA
7252,28,95413.92,CA
7253,65,69468.91,CA
7254,31,119613.08,CA
7255,31,107300.99,CA
7256,67,49030.79,UK
7257,32,98018.97,US
7258,60,56967.3,US
7259,35,104727.55,CA
7260,32,54285.71,UK
7261,24,80652.84,US
7262,59,79990.87,US
7263,64,116989.24,US
7264,52,53609.08,UK
7265,31,75072.54,CA
7266,58,74480.25,US
7267,65,100819.47,UK
7268,32,73206.06,UK
7269,67,37509.1,US
7270,22,101340.67,UK
7271,68,33330.65,US
7272,31,55577.82,CA
7273,69,105160.92,UK
7274,69,75086.54,US
7275,38,75292.31,US
7276,57,44826.17,UK
7277,64,86080.55,UK
7278,54,103036.51,UK
7279,60,100441.15,UK
7280,66,66497.66,CA
7281,22,52228.39,CA
7282,48,87111.1,US
7283,67,69264.79,UK
7284,45,111598.88,US
7285,25,56083.13,UK
7286,49,91692.08,UK
7287,31,58956.61,UK
7288,41,43839.89,UK
7289,44,74143.04,CA
7290,20,67717.27,UK
7291,63,109820.21,UK
7292,44,42080.92,UK
7293,40,67802.04,UK
7294,37,62746.45,US
7295,68,80364.48,US
7296,52,40219.97,UK
7297,67,94193.37,US
7298,44,90235.29,UK
7299,67,100834.78,CA
7300,33,89674.15,US
7301,67,114137.14,CA
7302,48,51626.84,US
7303,63,34509.92,CA
7304,65,58285.8,US
7305,52,114681.35,UK
7306,45,101144.49,US
7307,30,110345.02,UK
7308,41,75589.9,UK
7309,46,55577.76,US
7310,56,91332.29,US
7311,29,55522.0,UK
7312,52,48963.76,CA
7313,65,86661.42,UK
7314,21,36078.44,US
7315,60,119959.1,UK
7316,40,31428.76,US
7317,33,117764.48,UK
7318,68,42990.43,UK
7319,62,33055.56,US
7320,66,88071.59,US
7321,27,118098.93,US
7322,55,34687.71,US
7323,39,82208.32,UK
7324,69,112236.38,CA
7325,46,96733.55,US
7326,27,76574.63,US
7327,36,81358.51,US
7328,30,57182.45,UK
7329,69,84925.03,UK
7330,33,82023.17,US
7331,34,99322.04,CA
7332,67,91405.95,UK
7333,57,66523.53,UK
7334,67,85565.16,US
7335,37,85255.69,UK
7336,53,43558.99,US
7337,20,105325.25,US
7338,36,78369.13,UK
7339,55,117380.03,US
7340,32,48021.08,UK
7341,44,33013.18,US
7342,60,54956.94,UK
7343,70,77641.5,UK
7344,34,67784.34,US
7345,25,81613.6,UK
7346,58,86702.14,US
7347,36,67837.78,US
7348,28,107674.06,UK
7349,21,34500.53,UK
7350,53,35899.22,US
7351,34,60935.28,US
7352,37,56708.93,UK
7353,41,74798.45,UK
7354,69,88058.06,US
7355,49,74251.6,UK
7356,70,81915.59,UK
7357,23,92374.89,UK
7358,51,35316.79,US
7359,32,107848.99,US
7360,20,117999.66,UK
7361,66,102311.4,CA
7362,63,103329.03,US
7363,47,96410.0,UK
7364,63,70347.68,US
7365,22,56019.4,UK
7366,43,84504.91,US
7367,70,32634.45,UK
7368,36,63594.14,UK
7369,48,56384.13,US
7370,33,103383.2,UK
7371,64,49883.63,US
7372,37,43095.13,US
7373,35,51335.89,US
7374,35,30738.61,UK
7375,54,89118.48,CA
7376,34,106162.02,US
7377,57,73412.5,UK
7378,35,82344.64,CA
7379,40,96216.08,US
7380,54,111795.54,CA
7381,49,83536.45,US
7382,45,41510.0,US
7383,50,56019.17,UK
7384,21,55976.55,CA
7385,66,64565.41,UK
7386,24,87399.94,CA
7387,42,37608.63,CA
7388,63,81612.29,US
7389,65,88543.82,UK
7390,41,43607.6,CA
7391,61,55146.94,US
7392,41,103714.35,UK
7393,53,92643.09,UK
7394,46,79353.48,US
7395,23,98442.56,US
7396,58,84657.21,US
7397,59,109089.6,US
7398,70,92474.37,US
7399,28,90764.58,US
7400,53,89449.2,US
7401,62,88089.53,US
7402,48,30108.31,US
7403,45,32898.44,UK
7404,24,104866.15,US
7405,36,84891.86,UK
7406,50,79502.0,US
7407,54,43298.13,UK
7408,35,56359.01,US
7409,60,97305.93,US
7410,70,79711.71,US
7411,59,116000.97,US
7412,21,107094.87,UK
7413,40,110685.12,US
7414,40,37306.23,US
7415,44,79718.88,UK
7416,34,94287.43,UK
7417,29,40152.06,UK
7418,63,111333.25,UK
7419,20,84827.03,UK
7420,68,70227.78,UK
7421,40,99341.89,US
7422,48,114317.0,UK
7423,25,52055.06,UK
7424,39,116447.56,US
7425,29,45676.53,US
7426,24,76777.6,UK
7427,32,62774.67,UK
7428,31,91614.74,US
7429,30,55290.61,CA
7430,69,30139.99,US
7431,49,113048.17,US
7432,68,75166.31,UK
7433,51,95225.11,UK
7434,54,47233.71,UK
7435,65,58603.69,UK
7436,51,98432.65,UK
7437,52,119252.98,CA
7438,54,109401.15,US
7439,61,97867.81,US
7440,55,115705.46,US
7441,36,40337.73,UK
7442,62,117211.94,UK
7443,57,96369.78,CA
7444,44,103611.3,US
7445,24,83275.08,UK
7446,58,45785.25,US
7447,55,38118.36,UK
7448,49,37994.31,UK
7449,36,54603.32,UK
7450,29,44790.29,UK
7451,20,61345.68,US
7452,46,69099.36,CA
7453,65,81838.8,UK
7454,51,33015.67,US
7455,33,98202.97,CA
7456,62,51995.13,US
7457,47,119696.49,US
7458,64,88643.65,UK
7459,37,46994.93,US
7460,60,106901.14,CA
7461,70,109277.3,US
7462,64,81253.61,US
7463,40,35309.26,CA
7464,44,72145.15,US
7465,51,35375.64,CA
7466,48,42788.01,US
7467,47,88299.68,CA
7468,66,69222.87,US
7469,52,83153.67,UK
7470,26,86456.01,US
7471,26,74149.13,UK
7472,59,98815.76,US
7473,54,32374.28,CA
7474,41,76233.87,CA
7475,68,58029.63,UK
7476,21,100075.94,UK
7477,51,44418.16,UK
7478,63,90960.46,UK
7479,57,33712.04,US
7480,41,71800.65,US
7481,67,77928.36,UK
7482,25,30630.49,UK
7483,70,53288.27,US
7484,59,114491.42,UK
7485,30,42689.02,US
7486,25,48952.66,CA
7487,32,53190.58,US
7488,65,46772.91,US
7489,64,86814.03,CA
7490,60,95623.56,CA
7491,66,98420.78,US
7492,34,117288.79,UK
7493,33,65808.78,US
7494,36,94904.06,UK
7495,33,84713.97,US
7496,52,81959.44,UK
7497,49,65904.61,UK
7498,22,53429.84,US
7499,29,64502.77,UK
7500,38,105717.97,UK
